{
    "version": 8,
    "configurePresets": [
        {
            "name": "GCC 13.2.0 x86_64-linux-gnu",
            "displayName": "GCC 13.2.0 x86_64-linux-gnu",
            "description": "Using compilers: C = /usr/bin/gcc, CXX = /usr/bin/g++",
            "binaryDir": "${sourceDir}/build/${presetName}",
            "generator": "Ninja",
            "cacheVariables": {
                "CMAKE_INSTALL_PREFIX": "${sourceDir}/build/out/install/${presetName}",
                "CMAKE_C_COMPILER": "/usr/bin/gcc",
                "CMAKE_CXX_COMPILER": "/usr/bin/g++",
                "CMAKE_BUILD_TYPE": "Debug"
            }
        }
    ]
}
